{
  "deepseek/deepseek-v3.1-terminus:exacto": {
    "prompt_price_per_1k": 0.000245,
    "completion_price_per_1k": 0.000925
  },
  "deepseek/deepseek-v3.1-terminus": {
    "prompt_price_per_1k": 0.000245,
    "completion_price_per_1k": 0.000925
  },
  "deepseek/deepseek-v3.2-speciale": {
    "prompt_price_per_1k": 0.00031666666666666665,
    "completion_price_per_1k": 0.0006699999999999999
  },
  "deepseek/deepseek-chat-v3.1:free": {
    "prompt_price_per_1k": 0.00034500000000000004,
    "completion_price_per_1k": 0.001125
  },
  "deepseek/deepseek-chat-v3.1": {
    "prompt_price_per_1k": 0.00034500000000000004,
    "completion_price_per_1k": 0.001125
  },
  "deepseek/deepseek-r1-0528": {
    "prompt_price_per_1k": 0.0012642857142857143,
    "completion_price_per_1k": 0.003375714285714286
  },
  "x-ai/grok-4-fast:free": {
    "prompt_price_per_1k": 0.00019999999999999998,
    "completion_price_per_1k": 0.0005
  },
  "x-ai/grok-4-fast": {
    "prompt_price_per_1k": 0.00019999999999999998,
    "completion_price_per_1k": 0.0005
  },
  "x-ai/grok-code-fast-1": {
    "prompt_price_per_1k": 0.00019999999999999998,
    "completion_price_per_1k": 0.0015
  },
  "qwen/qwen3-coder:free": {
    "prompt_price_per_1k": 0.0004875,
    "completion_price_per_1k": 0.00166625
  },
  "qwen/qwen3-coder": {
    "prompt_price_per_1k": 0.0004875,
    "completion_price_per_1k": 0.00166625
  },
  "qwen/qwen3-coder-flash": {
    "prompt_price_per_1k": 0.0003,
    "completion_price_per_1k": 0.0015
  },
  "qwen/qwen3-max": {
    "prompt_price_per_1k": 0.0012,
    "completion_price_per_1k": 0.006
  },
  "qwen/qwen3-coder-plus": {
    "prompt_price_per_1k": 0.001,
    "completion_price_per_1k": 0.005
  },
  "qwen/qwen3-coder:exacto": {
    "prompt_price_per_1k": 0.0004875,
    "completion_price_per_1k": 0.00166625
  },
  "qwen/qwen-plus-2025-07-28": {
    "prompt_price_per_1k": 0.00039999999999999996,
    "completion_price_per_1k": 0.0012
  },
  "moonshotai/kimi-k2-0905:exacto": {
    "prompt_price_per_1k": 0.0006557142857142856,
    "completion_price_per_1k": 0.0026414285714285715
  },
  "moonshotai/kimi-k2-0905": {
    "prompt_price_per_1k": 0.0006557142857142856,
    "completion_price_per_1k": 0.0026414285714285715
  },
  "moonshotai/kimi-k2-thinking": {
    "prompt_price_per_1k": 0.0005928571428571429,
    "completion_price_per_1k": 0.0025
  },
  "moonshotai/kimi-k2.5": {
    "prompt_price_per_1k": 0.000588,
    "completion_price_per_1k": 0.00294
  },
  "z-ai/glm-4.6:exacto": {
    "prompt_price_per_1k": 0.0005153571428571428,
    "completion_price_per_1k": 0.0020628571428571428
  },
  "z-ai/glm-4.6": {
    "prompt_price_per_1k": 0.0005153571428571428,
    "completion_price_per_1k": 0.0020628571428571428
  },
  "z-ai/glm-4.7": {
    "prompt_price_per_1k": 0.0005021875,
    "completion_price_per_1k": 0.002085
  },
  "google/gemini-3-flash-preview": {
    "prompt_price_per_1k": 0.0005,
    "completion_price_per_1k": 0.003
  },
  "google/gemini-3-pro-preview": {
    "prompt_price_per_1k": 0.002,
    "completion_price_per_1k": 0.012
  },
  "anthropic/claude-sonnet-4.5": {
    "prompt_price_per_1k": 0.0030000000000000005,
    "completion_price_per_1k": 0.015000000000000001
  },
  "openai/gpt-oss-120b:exacto": {
    "prompt_price_per_1k": 0.00012,
    "completion_price_per_1k": 0.0005236363636363636
  },
  "openai/gpt-oss-120b": {
    "prompt_price_per_1k": 0.00012,
    "completion_price_per_1k": 0.0005236363636363636
  },
  "openai/gpt-5-mini": {
    "prompt_price_per_1k": 0.00025,
    "completion_price_per_1k": 0.002
  },
  "nvidia/nemotron-nano-9b-v2:free": {
    "prompt_price_per_1k": 4.9999999999999996e-05,
    "completion_price_per_1k": 0.000205
  },
  "nvidia/nemotron-nano-9b-v2": {
    "prompt_price_per_1k": 4.9999999999999996e-05,
    "completion_price_per_1k": 0.000205
  },
  "mistralai/codestral-2508": {
    "prompt_price_per_1k": 0.0003,
    "completion_price_per_1k": 0.0009
  },
  "minimax/minimax-m2.1": {
    "prompt_price_per_1k": 0.00029857142857142853,
    "completion_price_per_1k": 0.0012
  }
}